INSERT INTO USUARIO (
    Nome, Sobrenome, Telefone, Dia_Nascimento, Mes_Nascimento, Ano_Nascimento,
    Endereco_cidade, Endereco_estado, Endereco_pais, Endereco_CEP,
    Endereco_bairro, Endereco_rua, Sexo, Email, Senha
) VALUES
('Ana', 'Silva', 11987654321, 15, 3, 1990, 'São Paulo', 'SP', 'Brasil', 12345678, 'Centro', 'Rua A', 'Feminino', 'ana.silva1@example.com', 'senha123'),
('Bruno', 'Souza', 21998765432, 22, 7, 1985, 'Rio de Janeiro', 'RJ', 'Brasil', 23456789, 'Copacabana', 'Rua B', 'Masculino', 'bruno.souza2@example.com', 'senha456'),
('Carla', 'Oliveira', 31991234567, 9, 12, 1992, 'Belo Horizonte', 'MG', 'Brasil', 34567890, 'Savassi', 'Rua C', 'Feminino', 'carla.oliveira3@example.com', 'senha789'),
('Daniel', 'Lima', 41993456789, 30, 5, 1988, 'Curitiba', 'PR', 'Brasil', 45678901, 'Centro', 'Rua D', 'Masculino', 'daniel.lima4@example.com', 'senha321'),
('Eduarda', 'Santos', 51994567890, 5, 8, 1995, 'Porto Alegre', 'RS', 'Brasil', 56789012, 'Moinhos', 'Rua E', 'Feminino', 'eduarda.santos5@example.com', 'senha000'),
('Eduarda', 'Almeida', 51994567890, 5, 8, 1995, 'Porto Alegre', 'RS', 'Brasil', 56789012, 'Moinhos', 'Rua E', 'Feminino', 'eduarda.almeida5@example.com', 'senha654'),
('Felipe', 'Costa', 61995678901, 18, 1, 1991, 'Salvador', 'BA', 'Brasil', 67890123, 'Barra', 'Rua F', 'Masculino', 'felipe.ferreira6@example.com', 'senha987'),
('Gabriela', 'Ferreira', 71996789012, 27, 9, 1989, 'Fortaleza', 'CE', 'Brasil', 78901234, 'Aldeota', 'Rua G', 'Feminino', 'gabriela.gomes7@example.com', 'senhaabc'),
('Henrique', 'Pereira', 81997890123, 12, 4, 1993, 'Recife', 'PE', 'Brasil', 89012345, 'Boa Viagem', 'Rua H', 'Masculino', 'henrique.santos8@example.com', 'senhadef'),
('Isabela', 'Almeida', 91998901234, 6, 10, 1990, 'Brasília', 'DF', 'Brasil', 90123456, 'Asa Sul', 'Rua I', 'Feminino', 'isabela.martins9@example.com', 'senhaghi'),
('João', 'Rodrigues', 11999012345, 25, 2, 1987, 'São Paulo', 'SP', 'Brasil', 11223344, 'Pinheiros', 'Rua J', 'Masculino', 'joao.rodrigues10@example.com', 'senhajkl'),
('Karen', 'Martins', 21990123456, 17, 6, 1994, 'Rio de Janeiro', 'RJ', 'Brasil', 22334455, 'Leblon', 'Rua K', 'Feminino', 'karina.pereira11@example.com', 'senhamno'),
('Lucas', 'Gomes', 31991234568, 8, 11, 1992, 'Belo Horizonte', 'MG', 'Brasil', 33445566, 'Funcionários', 'Rua L', 'Masculino', 'lucas.barbosa12@example.com', 'senhapqr'),
('Mariana', 'Barbosa', 41992345678, 14, 7, 1989, 'Curitiba', 'PR', 'Brasil', 44556677, 'Batel', 'Rua M', 'Feminino', 'mariana.costa13@example.com', 'senhastu'),
('Nicolas', 'Carvalho', 51993456789, 3, 3, 1990, 'Porto Alegre', 'RS', 'Brasil', 55667788, 'Petrópolis', 'Rua N', 'Masculino', 'nicolas.ribeiro14@example.com', 'senhavwx'),
('Olivia', 'Moura', 61994567890, 29, 12, 1991, 'Salvador', 'BA', 'Brasil', 66778899, 'Itaigara', 'Rua O', 'Feminino', 'olivia.carvalho15@example.com', 'senhayz1'),
('Paulo', 'Ribeiro', 71995678901, 21, 1, 1988, 'Fortaleza', 'CE', 'Brasil', 77889900, 'Meireles', 'Rua P', 'Masculino', 'paulo.mendes16@example.com', 'senhabcd'),
('Queila', 'Dias', 81996789012, 10, 9, 1993, 'Recife', 'PE', 'Brasil', 88990011, 'Casa Forte', 'Rua Q', 'Feminino', 'queila.farias17@example.com', 'senhaefg'),
('Ricardo', 'Teixeira', 91997890123, 2, 5, 1995, 'Brasília', 'DF', 'Brasil', 99001122, 'Lago Sul', 'Rua R', 'Masculino', 'rafael.vieira18@example.com', 'senhahij'),
('Sara', 'Nunes', 11998901234, 19, 10, 1987, 'São Paulo', 'SP', 'Brasil', 10111213, 'Moema', 'Rua S', 'Feminino', 'sabrina.nunes19@example.com', 'senhajkl'),
('Thiago', 'Vieira', 21999012345, 7, 2, 1991, 'Rio de Janeiro', 'RJ', 'Brasil', 12131415, 'Botafogo', 'Rua T', 'Masculino', 'tiago.castro20@example.com', 'senhalmn'),
('Ursula', 'Batista', 31990123456, 23, 8, 1990, 'Belo Horizonte', 'MG', 'Brasil', 13141516, 'Lourdes', 'Rua U', 'Feminino', 'ursula.reis21@example.com', 'senhaopq'),
('Vinicius', 'Lopes', 41991234567, 11, 4, 1992, 'Curitiba', 'PR', 'Brasil', 14151617, 'Juvevê', 'Rua V', 'Masculino', 'victor.campos22@example.com', 'senharst'),
('Wesley', 'Cardoso', 51992345678, 4, 6, 1988, 'Porto Alegre', 'RS', 'Brasil', 15161718, 'Menino Deus', 'Rua W', 'Feminino', 'wanda.teixeira23@example.com', 'senhauvw'),
('Ximena', 'Farias', 61993456789, 16, 11, 1993, 'Salvador', 'BA', 'Brasil', 16171819, 'Graça', 'Rua X', 'Masculino', 'xavier.araujo24@example.com', 'senhawxy'),
('Yuri', 'Monteiro', 71994567890, 28, 3, 1991, 'Fortaleza', 'CE', 'Brasil', 17181920, 'Varjota', 'Rua Y', 'Feminino', 'yasmin.lopes25@example.com', 'senhaz12'),
('Zilda', 'Campos', 81995678901, 13, 7, 1989, 'Recife', 'PE', 'Brasil', 18192021, 'Espinheiro', 'Rua Z', 'Masculino', 'zeca.moraes26@example.com', 'senhaz34'),
('Anderson', 'Rocha', 91996789012, 1, 9, 1994, 'Brasília', 'DF', 'Brasil', 19202122, 'Asa Norte', 'Rua AA', 'Feminino', 'amanda.batista27@example.com', 'senhaz56'),
('Beatriz', 'Melo', 11997890123, 20, 2, 1987, 'São Paulo', 'SP', 'Brasil', 20212223, 'Jardins', 'Rua AB', 'Masculino', 'bernardo.leal28@example.com', 'senhaz78'),
('Caio', 'Pinto', 21998901234, 26, 10, 1990, 'Rio de Janeiro', 'RJ', 'Brasil', 21222324, 'Tijuca', 'Rua AC', 'Feminino', 'camila.pinto29@example.com', 'senhabc9'),
('Debora', 'Castro', 31999012345, 15, 5, 1993, 'Belo Horizonte', 'MG', 'Brasil', 22232425, 'Serra', 'Rua AD', 'Masculino', 'diego.correia30@example.com', 'senhadef0');

INSERT INTO ALUNO (Nome, Sobrenome, Telefone) VALUES
('Ana', 'Silva', 11987654321),
('Bruno', 'Souza', 21998765432),
('Carla', 'Oliveira', 31991234567),
('Daniel', 'Lima', 41993456789),
('Eduarda', 'Almeida', 51994567890),
('Eduarda', 'Santos', 51994567890),
('Felipe', 'Costa', 61995678901),
('Gabriela', 'Ferreira', 71996789012),
('Henrique', 'Pereira', 81997890123),
('Isabela', 'Almeida', 91998901234),
('João', 'Rodrigues', 11999012345),
('Karen', 'Martins', 21990123456),
('Lucas', 'Gomes', 31991234568),
('Mariana', 'Barbosa', 41992345678),
('Nicolas', 'Carvalho', 51993456789),
('Olivia', 'Moura', 61994567890),
('Paulo', 'Ribeiro', 71995678901),
('Queila', 'Dias', 81996789012),
('Ricardo', 'Teixeira', 91997890123),
('Sara', 'Nunes', 11998901234),
('Thiago', 'Vieira', 21999012345),
('Ursula', 'Batista', 31990123456),
('Vinicius', 'Lopes', 41991234567),
('Wesley', 'Cardoso', 51992345678),
('Ximena', 'Farias', 61993456789),
('Yuri', 'Monteiro', 71994567890),
('Zilda', 'Campos', 81995678901),
('Anderson', 'Rocha', 91996789012),
('Beatriz', 'Melo', 11997890123),
('Caio', 'Pinto', 21998901234),
('Debora', 'Castro', 31999012345);

INSERT INTO SALA (Nome, Capacidade) VALUES
('Sala A', 30),
('Sala B', 25),
('Sala C', 40),
('Sala D', 20),
('Sala E', 35),
('Sala F', 50),
('Sala G', 15),
('Sala H', 45),
('Sala I', 60),
('Sala J', 10);

INSERT INTO UNIDADEESCOLA (Nome_Unidade, Cidade, Estado, Pais, Bloco_Predio) VALUES
('Unidade Centro', 'São Paulo', 'SP', 'Brasil', 'Bloco A'),
('Unidade Zona Sul', 'Rio de Janeiro', 'RJ', 'Brasil', 'Bloco B'),
('Unidade Pampulha', 'Belo Horizonte', 'MG', 'Brasil', 'Bloco C'),
('Unidade Norte', 'Porto Alegre', 'RS', 'Brasil', 'Bloco D'),
('Unidade Leste', 'Curitiba', 'PR', 'Brasil', 'Bloco E');

INSERT INTO DISCIPLINA (Nome, Codigo_Disc, Qntd_Aulas, Nome_Unidade) VALUES
('Matemática Básica', 'D001', 30, 'Unidade Centro'),
('Português I', 'D002', 25, 'Unidade Centro'),
('História do Brasil', 'D003', 20, 'Unidade Centro'),
('Geografia Mundial', 'D004', 30, 'Unidade Centro'),
('Biologia Celular', 'D005', 35, 'Unidade Centro'),

('Química Geral', 'D006', 40, 'Unidade Zona Sul'),
('Física Experimental', 'D007', 30, 'Unidade Zona Sul'),
('Literatura Brasileira', 'D008', 25, 'Unidade Zona Sul'),
('Filosofia', 'D009', 20, 'Unidade Zona Sul'),
('Sociologia', 'D010', 20, 'Unidade Zona Sul'),

('Inglês Básico', 'D011', 30, 'Unidade Pampulha'),
('Espanhol I', 'D012', 25, 'Unidade Pampulha'),
('Educação Física', 'D013', 20, 'Unidade Pampulha'),
('Arte e Cultura', 'D014', 15, 'Unidade Pampulha'),
('Matemática Avançada', 'D015', 40, 'Unidade Pampulha'),

('Ciências da Natureza', 'D016', 30, 'Unidade Norte'),
('História Contemporânea', 'D017', 25, 'Unidade Norte'),
('Geopolítica', 'D018', 20, 'Unidade Norte'),
('Química Orgânica', 'D019', 35, 'Unidade Norte'),
('Física Moderna', 'D020', 30, 'Unidade Norte'),

('Português II', 'D021', 30, 'Unidade Leste'),
('Redação Avançada', 'D022', 20, 'Unidade Leste'),
('História da Arte', 'D023', 25, 'Unidade Leste'),
('Geografia Física', 'D024', 30, 'Unidade Leste'),
('Biologia Molecular', 'D025', 35, 'Unidade Leste'),

('Matemática Discreta', 'D026', 30, 'Unidade Centro'),
('Lógica e Argumentação', 'D027', 20, 'Unidade Centro'),
('Educação Ambiental', 'D028', 25, 'Unidade Centro'),
('Psicologia Escolar', 'D029', 20, 'Unidade Centro'),
('Introdução à Filosofia', 'D030', 15, 'Unidade Centro'),

('Física Clássica', 'D031', 30, 'Unidade Zona Sul'),
('Química Experimental', 'D032', 30, 'Unidade Zona Sul'),
('Inglês Intermediário', 'D033', 25, 'Unidade Zona Sul'),
('Sociologia Contemporânea', 'D034', 20, 'Unidade Zona Sul'),
('Redação Criativa', 'D035', 20, 'Unidade Zona Sul'),

('Matemática Aplicada', 'D036', 35, 'Unidade Pampulha'),
('Português Avançado', 'D037', 25, 'Unidade Pampulha'),
('História das Religiões', 'D038', 20, 'Unidade Pampulha'),
('Geografia Urbana', 'D039', 30, 'Unidade Pampulha'),
('Biologia Ambiental', 'D040', 35, 'Unidade Pampulha'),

('Química Industrial', 'D041', 30, 'Unidade Norte'),
('Física Aplicada', 'D042', 25, 'Unidade Norte'),
('Literatura Mundial', 'D043', 20, 'Unidade Norte'),
('Filosofia Política', 'D044', 15, 'Unidade Norte'),
('Sociologia Brasileira', 'D045', 20, 'Unidade Norte'),

('Inglês Avançado', 'D046', 30, 'Unidade Leste'),
('Educação Artística', 'D047', 20, 'Unidade Leste'),
('História Antiga', 'D048', 25, 'Unidade Leste'),
('Geopolítica Atual', 'D049', 30, 'Unidade Leste'),
('Biotecnologia', 'D050', 35, 'Unidade Leste');

INSERT INTO PROFESSOR (Nome, Sobrenome, Telefone, Titulo, Especialidade) VALUES
('Ana', 'Silva', 11987654321, 'Mestre', 'Matemática'),
('Bruno', 'Souza', 21998765432, 'Doutor', 'História'),
('Carla', 'Oliveira', 31991234567, 'Mestre', 'Português'),
('Daniel', 'Lima', 41993456789, 'Especialista', 'Geografia'),
('Eduarda', 'Santos', 51994567890, 'Doutor', 'Biologia'),
('Felipe', 'Costa', 61995678901, 'Mestre', 'Física'),
('Gabriela', 'Ferreira', 71996789012, 'Doutor', 'Química'),
('Henrique', 'Pereira', 81997890123, 'Especialista', 'Inglês'),
('Isabela', 'Almeida', 91998901234, 'Mestre', 'Educação Física'),
('João', 'Rodrigues', 11999012345, 'Doutor', 'História da Arte'),
('Karen', 'Martins', 21990123456, 'Especialista', 'Sociologia'),
('Lucas', 'Gomes', 31991234568, 'Mestre', 'Filosofia'),
('Mariana', 'Barbosa', 41992345678, 'Doutor', 'Literatura'),
('Nicolas', 'Carvalho', 51993456789, 'Mestre', 'Química Orgânica'),
('Olivia', 'Moura', 61994567890, 'Especialista', 'Geopolítica'),
('Paulo', 'Ribeiro', 71995678901, 'Doutor', 'Física Moderna'),
('Queila', 'Dias', 81996789012, 'Mestre', 'Biologia Molecular'),
('Ricardo', 'Teixeira', 91997890123, 'Especialista', 'Educação Ambiental'),
('Sara', 'Nunes', 11998901234, 'Doutor', 'Psicologia Escolar'),
('Thiago', 'Vieira', 21999012345, 'Mestre', 'Redação');

INSERT INTO RESPONSAVEL (Nome, Sobrenome, Telefone, Cod_disciplina) VALUES
('Ana', 'Silva', 11987654321, 'D001'),
('Ana', 'Silva', 11987654321, 'D026'),
('Bruno', 'Souza', 21998765432, 'D003'),
('Bruno', 'Souza', 21998765432, 'D031'),
('Carla', 'Oliveira', 31991234567, 'D002'),
('Carla', 'Oliveira', 31991234567, 'D027'),
('Daniel', 'Lima', 41993456789, 'D004'),
('Daniel', 'Lima', 41993456789, 'D028'),
('Eduarda', 'Santos', 51994567890, 'D005'),
('Eduarda', 'Santos', 51994567890, 'D029'),

('Felipe', 'Costa', 61995678901, 'D006'),
('Felipe', 'Costa', 61995678901, 'D031'),
('Gabriela', 'Ferreira', 71996789012, 'D007'),
('Gabriela', 'Ferreira', 71996789012, 'D032'),
('Henrique', 'Pereira', 81997890123, 'D008'),
('Henrique', 'Pereira', 81997890123, 'D033'),
('Isabela', 'Almeida', 91998901234, 'D009'),
('Isabela', 'Almeida', 91998901234, 'D034'),
('João', 'Rodrigues', 11999012345, 'D010'),
('João', 'Rodrigues', 11999012345, 'D035'),

('Karen', 'Martins', 21990123456, 'D011'),
('Karen', 'Martins', 21990123456, 'D036'),
('Lucas', 'Gomes', 31991234568, 'D012'),
('Lucas', 'Gomes', 31991234568, 'D037'),
('Mariana', 'Barbosa', 41992345678, 'D013'),
('Mariana', 'Barbosa', 41992345678, 'D038'),
('Nicolas', 'Carvalho', 51993456789, 'D014'),
('Nicolas', 'Carvalho', 51993456789, 'D039'),
('Olivia', 'Moura', 61994567890, 'D015'),
('Olivia', 'Moura', 61994567890, 'D040'),

('Paulo', 'Ribeiro', 71995678901, 'D016'),
('Paulo', 'Ribeiro', 71995678901, 'D041'),
('Queila', 'Dias', 81996789012, 'D017'),
('Queila', 'Dias', 81996789012, 'D042'),
('Ricardo', 'Teixeira', 91997890123, 'D018'),
('Ricardo', 'Teixeira', 91997890123, 'D043'),
('Sara', 'Nunes', 11998901234, 'D019'),
('Sara', 'Nunes', 11998901234, 'D044'),
('Thiago', 'Vieira', 21999012345, 'D020'),
('Thiago', 'Vieira', 21999012345, 'D045'),

('Ana', 'Silva', 11987654321, 'D046'),
('Bruno', 'Souza', 21998765432, 'D047'),
('Carla', 'Oliveira', 31991234567, 'D048'),
('Daniel', 'Lima', 41993456789, 'D049'),
('Eduarda', 'Santos', 51994567890, 'D050'),
('Felipe', 'Costa', 61995678901, 'D021'),
('Gabriela', 'Ferreira', 71996789012, 'D022'),
('Henrique', 'Pereira', 81997890123, 'D023'),
('Isabela', 'Almeida', 91998901234, 'D024'),
('João', 'Rodrigues', 11999012345, 'D025');

INSERT INTO REGRA (Tipo) VALUES
('Presença mínima'),
('Nota mínima'),
('Entrega de trabalhos'),
('Participação em aula'),
('Prova final obrigatória'),
('Frequência nas atividades'),
('Revisão periódica'),
('Projeto final'),
('Avaliação contínua'),
('Exame substitutivo');


INSERT INTO REGRADISCIPLINA (Codigo_Disc, Tipo_Regra) VALUES
('D001', 'Presença mínima'),
('D001', 'Nota mínima'),
('D002', 'Entrega de trabalhos'),
('D002', 'Participação em aula'),
('D003', 'Prova final obrigatória'),
('D003', 'Frequência nas atividades'),
('D004', 'Revisão periódica'),
('D005', 'Projeto final'),
('D006', 'Avaliação contínua'),
('D007', 'Exame substitutivo'),

('D008', 'Presença mínima'),
('D009', 'Nota mínima'),
('D010', 'Entrega de trabalhos'),
('D011', 'Participação em aula'),
('D012', 'Prova final obrigatória'),
('D013', 'Frequência nas atividades'),
('D014', 'Revisão periódica'),
('D015', 'Projeto final'),
('D016', 'Avaliação contínua'),
('D017', 'Exame substitutivo'),

('D018', 'Presença mínima'),
('D019', 'Nota mínima'),
('D020', 'Entrega de trabalhos'),
('D021', 'Participação em aula'),
('D022', 'Prova final obrigatória'),
('D023', 'Frequência nas atividades'),
('D024', 'Revisão periódica'),
('D025', 'Projeto final'),
('D026', 'Avaliação contínua'),
('D027', 'Exame substitutivo');

INSERT INTO CHEFE (Nome, Sobrenome, Telefone) VALUES
('Ana', 'Silva', 11987654321),
('Bruno', 'Souza', 21998765432),
('Carla', 'Oliveira', 31991234567),
('Daniel', 'Lima', 41993456789),
('Eduarda', 'Santos', 51994567890),
('Felipe', 'Costa', 61995678901),
('Gabriela', 'Ferreira', 71996789012),
('Henrique', 'Pereira', 81997890123),
('Isabela', 'Almeida', 91998901234),
('Karen', 'Martins', 21990123456);


INSERT INTO DEPARTAMENTO (Codigo, Nome, Nome_Chefe, Sobrenome_Chefe, Telefone_Chefe) VALUES
('DPT001', 'Departamento de Matemática', 'Ana', 'Silva', 11987654321),
('DPT002', 'Departamento de História', 'Bruno', 'Souza', 21998765432),
('DPT003', 'Departamento de Português', 'Carla', 'Oliveira', 31991234567),
('DPT004', 'Departamento de Geografia', 'Daniel', 'Lima', 41993456789),
('DPT005', 'Departamento de Biologia', 'Eduarda', 'Santos', 51994567890),
('DPT006', 'Departamento de Física', 'Felipe', 'Costa', 61995678901),
('DPT007', 'Departamento de Química', 'Gabriela', 'Ferreira', 71996789012),
('DPT008', 'Departamento de Inglês', 'Henrique', 'Pereira', 81997890123),
('DPT009', 'Departamento de Educação Física', 'Isabela', 'Almeida', 91998901234),
('DPT010', 'Departamento de Sociologia', 'Karen', 'Martins', 21990123456);


INSERT INTO CURSO (
    NomeCurso, Codigo_Curso, QntdAulas, Nome_Unidade, Codigo_Departamento,
    Vagas, Nivel, Ementa, Carga_H
) VALUES
('Ciências Exatas', 'C001', 120, 'Unidade Centro', 'DPT001', 40, 'Bacharelado', 'Matemática, Física e Química aplicadas.', 1800),
('História Moderna', 'C002', 90, 'Unidade Zona Sul', 'DPT002', 35, 'Licenciatura', 'Estudo da história moderna e contemporânea.', 1350),
('Letras Português', 'C003', 100, 'Unidade Centro', 'DPT003', 30, 'Licenciatura', 'Gramática, Literatura e Redação avançada.', 1500),
('Geografia Urbana', 'C004', 80, 'Unidade Pampulha', 'DPT004', 25, 'Bacharelado', 'Análise urbana e geopolítica.', 1200),
('Biologia Molecular', 'C005', 110, 'Unidade Norte', 'DPT005', 30, 'Bacharelado', 'Genética, biotecnologia e meio ambiente.', 1650),

('Física Aplicada', 'C006', 130, 'Unidade Zona Sul', 'DPT006', 40, 'Bacharelado', 'Mecânica, eletricidade e óptica.', 1950),
('Química Orgânica', 'C007', 100, 'Unidade Pampulha', 'DPT007', 35, 'Bacharelado', 'Compostos orgânicos e reações químicas.', 1500),
('Inglês Avançado', 'C008', 70, 'Unidade Leste', 'DPT008', 50, 'Curso Livre', 'Conversação, gramática e literatura.', 1050),
('Educação Física', 'C009', 60, 'Unidade Leste', 'DPT009', 60, 'Licenciatura', 'Treinamento, esportes e saúde.', 900),
('Sociologia Contemporânea', 'C010', 75, 'Unidade Centro', 'DPT010', 30, 'Licenciatura', 'Estudos sociais e culturais.', 1125),

('Matemática Aplicada', 'C011', 125, 'Unidade Centro', 'DPT001', 40, 'Bacharelado', 'Cálculo, álgebra e estatística.', 1875),
('História da Arte', 'C012', 80, 'Unidade Zona Sul', 'DPT002', 30, 'Licenciatura', 'Arte e cultura em diversas épocas.', 1200),
('Literatura Brasileira', 'C013', 90, 'Unidade Centro', 'DPT003', 30, 'Licenciatura', 'Autores e movimentos literários.', 1350),
('Geografia Física', 'C014', 85, 'Unidade Pampulha', 'DPT004', 25, 'Bacharelado', 'Clima, relevo e ecossistemas.', 1275),
('Biologia Ambiental', 'C015', 95, 'Unidade Norte', 'DPT005', 30, 'Bacharelado', 'Ecologia e preservação ambiental.', 1425);


INSERT INTO ALUNOCURSO (NomeCurso, Codigo_Curso, Nome, Sobrenome, Telefone) VALUES
('Ciências Exatas', 'C001', 'Ana', 'Silva', 11987654321),
('Ciências Exatas', 'C001', 'Bruno', 'Souza', 21998765432),
('História Moderna', 'C002', 'Carla', 'Oliveira', 31991234567),
('História Moderna', 'C002', 'Daniel', 'Lima', 41993456789),
('Letras Português', 'C003', 'Eduarda', 'Santos', 51994567890),

('Geografia Urbana', 'C004', 'Felipe', 'Costa', 61995678901),
('Geografia Urbana', 'C004', 'Gabriela', 'Ferreira', 71996789012),
('Biologia Molecular', 'C005', 'Henrique', 'Pereira', 81997890123),
('Biologia Molecular', 'C005', 'Isabela', 'Almeida', 91998901234),
('Física Aplicada', 'C006', 'João', 'Rodrigues', 11999012345),

('Física Aplicada', 'C006', 'Karen', 'Martins', 21990123456),
('Química Orgânica', 'C007', 'Lucas', 'Gomes', 31991234568),
('Química Orgânica', 'C007', 'Mariana', 'Barbosa', 41992345678),
('Inglês Avançado', 'C008', 'Nicolas', 'Carvalho', 51993456789),
('Inglês Avançado', 'C008', 'Olivia', 'Moura', 61994567890),

('Educação Física', 'C009', 'Paulo', 'Ribeiro', 71995678901),
('Educação Física', 'C009', 'Queila', 'Dias', 81996789012),
('Sociologia Contemporânea', 'C010', 'Ricardo', 'Teixeira', 91997890123),
('Sociologia Contemporânea', 'C010', 'Sara', 'Nunes', 11998901234),
('Matemática Aplicada', 'C011', 'Thiago', 'Vieira', 21999012345),

('Matemática Aplicada', 'C011', 'Ursula', 'Batista', 31990123456),
('História da Arte', 'C012', 'Vinicius', 'Lopes', 41991234567),
('História da Arte', 'C012', 'Wesley', 'Cardoso', 51992345678),
('Literatura Brasileira', 'C013', 'Ximena', 'Farias', 61993456789),
('Literatura Brasileira', 'C013', 'Yuri', 'Monteiro', 71994567890),

('Geografia Física', 'C014', 'Zilda', 'Campos', 81995678901),
('Geografia Física', 'C014', 'Anderson', 'Rocha', 91996789012),
('Biologia Ambiental', 'C015', 'Beatriz', 'Melo', 11997890123),
('Biologia Ambiental', 'C015', 'Caio', 'Pinto', 21998901234),
('Biologia Ambiental', 'C015', 'Debora', 'Castro', 31999012345);

INSERT INTO AUTOR (Nome, Sobrenome, Telefone) VALUES
('Ana', 'Silva', 11987654321),
('Bruno', 'Souza', 21998765432),
('Carla', 'Oliveira', 31991234567),
('Daniel', 'Lima', 41993456789),
('Eduarda', 'Santos', 51994567890),
('Felipe', 'Costa', 61995678901),
('Gabriela', 'Ferreira', 71996789012),
('Henrique', 'Pereira', 81997890123),
('Isabela', 'Almeida', 91998901234),
('João', 'Rodrigues', 11999012345),
('Karen', 'Martins', 21990123456),
('Lucas', 'Gomes', 31991234568),
('Mariana', 'Barbosa', 41992345678),
('Nicolas', 'Carvalho', 51993456789),
('Olivia', 'Moura', 61994567890),
('Paulo', 'Ribeiro', 71995678901),
('Queila', 'Dias', 81996789012),
('Ricardo', 'Teixeira', 91997890123),
('Sara', 'Nunes', 11998901234),
('Thiago', 'Vieira', 21999012345);

INSERT INTO AVALIACAO (
    Nome, Sobrenome, Telefone, Cod_disciplina,
    Comentario, Didatica, Material, Conteudo, Infra
) VALUES
('Ana', 'Silva', 11987654321, 'D001', 'Excelente explicação e material didático.', 5, 5, 5, 4),
('Bruno', 'Souza', 21998765432, 'D002', 'Boa didática, poderia melhorar o conteúdo.', 4, 4, 3, 3),
('Carla', 'Oliveira', 31991234567, 'D003', 'Material didático bem elaborado.', 4, 5, 4, 4),
('Daniel', 'Lima', 41993456789, 'D004', 'Conteúdo adequado, mas infra precisa melhorar.', 3, 3, 4, 2),
('Eduarda', 'Santos', 51994567890, 'D005', 'Didática excepcional, muito didática.', 5, 5, 5, 5),

('Felipe', 'Costa', 61995678901, 'D006', 'Material básico, porém suficiente.', 3, 3, 3, 3),
('Gabriela', 'Ferreira', 71996789012, 'D007', 'Conteúdo atualizado e relevante.', 5, 4, 5, 4),
('Henrique', 'Pereira', 81997890123, 'D008', 'Infraestrutura ruim, dificultou aprendizado.', 2, 3, 4, 2),
('Isabela', 'Almeida', 91998901234, 'D009', 'Excelente curso, recomendo.', 5, 5, 5, 5),
('João', 'Rodrigues', 11999012345, 'D010', 'Didática regular, poderia ser mais clara.', 3, 3, 3, 3),

('Karen', 'Martins', 21990123456, 'D011', 'Material de apoio completo.', 4, 5, 4, 4),
('Lucas', 'Gomes', 31991234568, 'D012', 'Conteúdo profundo e bem explicado.', 5, 4, 5, 5),
('Mariana', 'Barbosa', 41992345678, 'D013', 'Infraestrutura adequada.', 4, 4, 4, 4),
('Nicolas', 'Carvalho', 51993456789, 'D014', 'Didática muito boa.', 5, 5, 5, 4),
('Olivia', 'Moura', 61994567890, 'D015', 'Faltou material mais atualizado.', 3, 3, 3, 3),

('Paulo', 'Ribeiro', 71995678901, 'D016', 'Curso ótimo, recomendo.', 5, 5, 5, 5),
('Queila', 'Dias', 81996789012, 'D017', 'Conteúdo interessante, mas infra ruim.', 4, 4, 4, 2),
('Ricardo', 'Teixeira', 91997890123, 'D018', 'Didática fraca, poderia melhorar.', 2, 3, 3, 3),
('Sara', 'Nunes', 11998901234, 'D019', 'Material atualizado e completo.', 5, 5, 5, 4),
('Thiago', 'Vieira', 21999012345, 'D020', 'Infraestrutura excelente.', 5, 4, 4, 5);

INSERT INTO MINISTRA (Nome, Sobrenome, Telefone, Cod_disciplina) VALUES
('Ana', 'Silva', 11987654321, 'D001'),
('Ana', 'Silva', 11987654321, 'D011'),
('Ana', 'Silva', 11987654321, 'D021'),
('Bruno', 'Souza', 21998765432, 'D002'),
('Bruno', 'Souza', 21998765432, 'D012'),
('Bruno', 'Souza', 21998765432, 'D022'),
('Carla', 'Oliveira', 31991234567, 'D003'),
('Carla', 'Oliveira', 31991234567, 'D013'),
('Carla', 'Oliveira', 31991234567, 'D023'),
('Daniel', 'Lima', 41993456789, 'D004'),

('Daniel', 'Lima', 41993456789, 'D014'),
('Daniel', 'Lima', 41993456789, 'D024'),
('Eduarda', 'Santos', 51994567890, 'D005'),
('Eduarda', 'Santos', 51994567890, 'D015'),
('Eduarda', 'Santos', 51994567890, 'D025'),
('Felipe', 'Costa', 61995678901, 'D006'),
('Felipe', 'Costa', 61995678901, 'D016'),
('Felipe', 'Costa', 61995678901, 'D026'),
('Gabriela', 'Ferreira', 71996789012, 'D007'),
('Gabriela', 'Ferreira', 71996789012, 'D017'),

('Gabriela', 'Ferreira', 71996789012, 'D027'),
('Henrique', 'Pereira', 81997890123, 'D008'),
('Henrique', 'Pereira', 81997890123, 'D018'),
('Henrique', 'Pereira', 81997890123, 'D028'),
('Isabela', 'Almeida', 91998901234, 'D009'),
('Isabela', 'Almeida', 91998901234, 'D019'),
('Isabela', 'Almeida', 91998901234, 'D029'),
('João', 'Rodrigues', 11999012345, 'D010'),
('João', 'Rodrigues', 11999012345, 'D020'),
('João', 'Rodrigues', 11999012345, 'D030'),

('Karen', 'Martins', 21990123456, 'D031'),
('Karen', 'Martins', 21990123456, 'D041'),
('Lucas', 'Gomes', 31991234568, 'D032'),
('Lucas', 'Gomes', 31991234568, 'D042'),
('Mariana', 'Barbosa', 41992345678, 'D033'),
('Mariana', 'Barbosa', 41992345678, 'D043'),
('Nicolas', 'Carvalho', 51993456789, 'D034'),
('Nicolas', 'Carvalho', 51993456789, 'D044'),
('Olivia', 'Moura', 61994567890, 'D035'),
('Olivia', 'Moura', 61994567890, 'D045'),

('Paulo', 'Ribeiro', 71995678901, 'D036'),
('Paulo', 'Ribeiro', 71995678901, 'D046'),
('Queila', 'Dias', 81996789012, 'D037'),
('Queila', 'Dias', 81996789012, 'D047'),
('Ricardo', 'Teixeira', 91997890123, 'D038'),
('Ricardo', 'Teixeira', 91997890123, 'D048'),
('Sara', 'Nunes', 11998901234, 'D039'),
('Sara', 'Nunes', 11998901234, 'D049'),
('Thiago', 'Vieira', 21999012345, 'D040'),
('Thiago', 'Vieira', 21999012345, 'D050');

INSERT INTO PREREQCURSO (NomeCurso, CodigoCurso, NomeCursoPre, CodigoCursoPre) VALUES
('História Moderna', 'C002', 'Ciências Exatas', 'C001'),
('Letras Português', 'C003', 'História Moderna', 'C002'),
('Geografia Urbana', 'C004', 'História Moderna', 'C002'),
('Biologia Molecular', 'C005', 'Ciências Exatas', 'C001'),
('Física Aplicada', 'C006', 'Ciências Exatas', 'C001'),

('Química Orgânica', 'C007', 'Física Aplicada', 'C006'),
('Inglês Avançado', 'C008', 'Letras Português', 'C003'),
('Educação Física', 'C009', 'Biologia Molecular', 'C005'),
('Sociologia Contemporânea', 'C010', 'História Moderna', 'C002'),

('História da Arte', 'C012', 'História Moderna', 'C002'),
('Literatura Brasileira', 'C013', 'Letras Português', 'C003'),
('Geografia Física', 'C014', 'Geografia Urbana', 'C004'),
('Biologia Ambiental', 'C015', 'Biologia Molecular', 'C005'),
('Física Aplicada', 'C006', 'Matemática Aplicada', 'C011'),

('Química Orgânica', 'C007', 'Matemática Aplicada', 'C011'),
('Inglês Avançado', 'C008', 'Sociologia Contemporânea', 'C010'),
('Educação Física', 'C009', 'Sociologia Contemporânea', 'C010'),
('Sociologia Contemporânea', 'C010', 'História da Arte', 'C012'),
('Matemática Aplicada', 'C011', 'Ciências Exatas', 'C001');

INSERT INTO PREREQDISCIPLINA (NomeCurso, CodigoCurso, CodigoDiscPre) VALUES
-- Ciências Exatas (C001)
('Ciências Exatas', 'C001', 'D001'),
('Ciências Exatas', 'C001', 'D002'),
('Ciências Exatas', 'C001', 'D003'),
('Ciências Exatas', 'C001', 'D004'),
('Ciências Exatas', 'C001', 'D005'),

-- História Moderna (C002)
('História Moderna', 'C002', 'D006'),
('História Moderna', 'C002', 'D007'),
('História Moderna', 'C002', 'D008'),
('História Moderna', 'C002', 'D009'),

-- Letras Português (C003)
('Letras Português', 'C003', 'D010'),
('Letras Português', 'C003', 'D011'),
('Letras Português', 'C003', 'D012'),

-- Geografia Urbana (C004)
('Geografia Urbana', 'C004', 'D013'),
('Geografia Urbana', 'C004', 'D014'),

-- Biologia Molecular (C005)
('Biologia Molecular', 'C005', 'D015'),
('Biologia Molecular', 'C005', 'D016'),
('Biologia Molecular', 'C005', 'D017'),

-- Física Aplicada (C006)
('Física Aplicada', 'C006', 'D018'),
('Física Aplicada', 'C006', 'D019'),
('Física Aplicada', 'C006', 'D020'),

-- Química Orgânica (C007)
('Química Orgânica', 'C007', 'D021'),
('Química Orgânica', 'C007', 'D022'),

-- Inglês Avançado (C008)
('Inglês Avançado', 'C008', 'D023'),

-- Educação Física (C009)
('Educação Física', 'C009', 'D024'),
('Educação Física', 'C009', 'D025'),

-- Sociologia Contemporânea (C010)
('Sociologia Contemporânea', 'C010', 'D026'),
('Sociologia Contemporânea', 'C010', 'D027'),

-- Matemática Aplicada (C011)
('Matemática Aplicada', 'C011', 'D028'),
('Matemática Aplicada', 'C011', 'D029'),
('Matemática Aplicada', 'C011', 'D030'),

-- História da Arte (C012)
('História da Arte', 'C012', 'D031'),

-- Literatura Brasileira (C013)
('Literatura Brasileira', 'C013', 'D032'),
('Literatura Brasileira', 'C013', 'D033'),

-- Geografia Física (C014)
('Geografia Física', 'C014', 'D034'),

-- Biologia Ambiental (C015)
('Biologia Ambiental', 'C015', 'D035'),
('Biologia Ambiental', 'C015', 'D036'),


('Ciências Exatas', 'C001', 'D037'),
('Ciências Exatas', 'C001', 'D038'),
('Ciências Exatas', 'C001', 'D039'),
('História Moderna', 'C002', 'D040'),
('História Moderna', 'C002', 'D041'),
('História Moderna', 'C002', 'D042'),
('Letras Português', 'C003', 'D043'),
('Letras Português', 'C003', 'D044'),
('Geografia Urbana', 'C004', 'D045'),
('Geografia Urbana', 'C004', 'D046'),
('Biologia Molecular', 'C005', 'D047'),
('Biologia Molecular', 'C005', 'D048'),
('Física Aplicada', 'C006', 'D049'),
('Física Aplicada', 'C006', 'D050'),

('Química Orgânica', 'C007', 'D001'),
('Química Orgânica', 'C007', 'D002'),
('Inglês Avançado', 'C008', 'D003'),
('Inglês Avançado', 'C008', 'D004'),
('Educação Física', 'C009', 'D005'),
('Educação Física', 'C009', 'D006'),

('Sociologia Contemporânea', 'C010', 'D007'),
('Sociologia Contemporânea', 'C010', 'D008'),
('Matemática Aplicada', 'C011', 'D009'),
('Matemática Aplicada', 'C011', 'D010'),
('História da Arte', 'C012', 'D011'),
('História da Arte', 'C012', 'D012'),
('Literatura Brasileira', 'C013', 'D013'),
('Literatura Brasileira', 'C013', 'D014'),

('Geografia Física', 'C014', 'D015'),
('Geografia Física', 'C014', 'D016'),
('Biologia Ambiental', 'C015', 'D017'),
('Biologia Ambiental', 'C015', 'D018'),

('Ciências Exatas', 'C001', 'D019'),
('Ciências Exatas', 'C001', 'D020'),
('História Moderna', 'C002', 'D021'),
('História Moderna', 'C002', 'D022'),
('Letras Português', 'C003', 'D023'),
('Letras Português', 'C003', 'D024'),
('Geografia Urbana', 'C004', 'D025'),
('Geografia Urbana', 'C004', 'D026'),

('Biologia Molecular', 'C005', 'D027'),
('Biologia Molecular', 'C005', 'D028'),
('Física Aplicada', 'C006', 'D029'),
('Física Aplicada', 'C006', 'D030'),
('Química Orgânica', 'C007', 'D031'),
('Química Orgânica', 'C007', 'D032'),

('Inglês Avançado', 'C008', 'D033'),
('Inglês Avançado', 'C008', 'D034'),
('Educação Física', 'C009', 'D035'),
('Educação Física', 'C009', 'D036'),
('Sociologia Contemporânea', 'C010', 'D037'),
('Sociologia Contemporânea', 'C010', 'D038'),

('Matemática Aplicada', 'C011', 'D039'),
('Matemática Aplicada', 'C011', 'D040'),
('História da Arte', 'C012', 'D041'),
('História da Arte', 'C012', 'D042'),
('Literatura Brasileira', 'C013', 'D043'),
('Literatura Brasileira', 'C013', 'D044');
